date,description,amount,direction,upi_ref
01/10/2026,UPI-SWIGGY-swiggy@icici,450.00,DR,600000000001
01/10/2026,UPI-Q8812@ybl,20.00,DR,600000000002
02/10/2026,UPI-ZOMATO-zomato@hdfcbank,380.00,DR,600000000003
02/10/2026,UPI-Q8812@ybl,20.00,DR,600000000004
03/10/2026,UPI-UBER-uber@axisbank,220.00,DR,600000000005
03/10/2026,UPI-IRCTC-irctc@sbi,"1,200.00",DR,600000000006
04/10/2026,UPI-NETFLIX-netflix@icici,649.00,DR,600000000007
04/10/2026,UPI-RAJESH K-rajesh77@oksbi,150.00,DR,600000000008
05/10/2026,UPI-BIGBASKET-bigbasket@hdfcbank,"1,350.00",DR,600000000009
05/10/2026,NEFT-ALLOWANCE FROM PARENTS,"8,000.00",CR,
06/10/2026,SELF TRANSFER TO OWN A/C 4455,"2,000.00",DR,600000000011
06/10/2026,UPI-Q8812@ybl,30.00,DR,600000000012
07/10/2026,UPI-AMAZON PAY-amazonpay@apl,799.00,DR,600000000013
07/10/2026,UPI-SWIGGY-swiggy@icici,90.00,DR,600000000014
